left_hip_roll_angles,left_hip_pitch_angles,left_knee_distances,left_ankle_up_angles,left_ankle_down_angles,right_hip_roll_angles,right_hip_pitch_angles,right_knee_distances,right_ankle_up_angles,right_ankle_up_angles
0,0,0,0.9691201799170822,-1.1668299153182589,0,0,0,0,0
0,0,0,0.9355306941810536,-1.1268898540172443,0,0,0,0,0
0,0,0,0.8817023641391285,-1.0837899005700928,0,0,0,0,0
0,0,0,0.8527188460513271,-1.0406625416503363,0,0,0,0,0
0,0,0,0.9040833227247077,-1.084441929258491,0,0,0,0,0
0,0,0,0.9455253205160127,-1.1498375474285074,0,0,0,0,0
0,0,0,0.9525759369357581,-1.1725723159267654,0,0,0,0,0
0,0,0,0.9348197168167547,-1.149008634355915,0,0,0,0,0
0,0,0,0.9159234452714413,-1.1212967110582177,0,0,0,0,0
0,0,0,0.8955586972181787,-1.091615364168906,0,0,0,0,0
0,0,0,0.875644896208061,-1.0599281953817603,0,0,0,0,0
0,0,0,0.8431904861170189,-0.9967979981733482,0,0,0,0,0
0,0,0,0.8162939069704394,-0.9443939612251147,0,0,0,0,0
0,0,0,0.8007620924308124,-0.9043602614466401,0,0,0,0,0
0,0,0,0.7907585801742549,-0.8699887351829252,0,0,0,0,0
0,0,0,0.7896020695409621,-0.8419696869408358,0,0,0,0,0
0,0,0,0.7962904089236797,-0.8244683171132746,0,0,0,0,0
0,0,0,0.8013262923581925,-0.8147402571713368,0,0,0,0,0
0,0,0,0.8181803330472346,-0.8659288166037348,0,0,0,0,0
0,0,0,0.8375774027168755,-0.92149876168251,0,0,0,0,0
0,0,0,0.8509026105950007,-0.9749634517346318,0,0,0,0,0
0,0,0,0.8647365066056565,-1.0125326232921783,0,0,0,0,0
0,0,0,0.8969569134638778,-1.0392160108132984,0,0,0,0,0
0,0,0,0.9268957902923666,-1.070303314659994,0,0,0,0,0
0,0,0,0.9567134203651944,-1.0909910682776107,0,0,0,0,0
0,0,0,0.9804618868185944,-1.0995100716236705,0,0,0,0,0
0,0,0,0.9957243255200197,-1.1069901407385998,0,0,0,0,0
0,0,0,0.99535483788439,-1.1009452278186023,0,0,0,0,0
0,0,0,0.9888839820928026,-1.0923364531806348,0,0,0,0,0
0,0,0,0.9765379766640495,-1.0763279948351112,0,0,0,0,0
0,0,0,0.9583597286375849,-1.055761274316316,0,0,0,0,0
0,0,0,0.9522837599559593,-1.0489270922562424,0,0,0,0,0
0,0,0,1.0261365699572096,-1.1325683252522258,0,0,0,0,0
0,0,0,1.1111640907783735,-1.2359864557976932,0,0,0,0,0
0,0,0,1.1864497943628174,-1.3442633141493294,0,0,0,0,0
0,0,0,1.2505574896599052,nan,0,0,0,0,0
0,0,0,1.2958628954497973,nan,0,0,0,0,0
0,0,0,1.3071725340600693,nan,0,0,0,0,0
0,0,0,1.3093415493910858,nan,0,0,0,0,0
0,0,0,1.3216167346965468,nan,0,0,0,0,0
0,0,0,1.3554699096256388,nan,0,0,0,0,0
0,0,0,1.3999241805085056,nan,0,0,0,0,0
0,0,0,1.4359325406782484,nan,0,0,0,0,0
0,0,0,1.4325977116900144,nan,0,0,0,0,0
0,0,0,1.3868143827611825,nan,0,0,0,0,0
0,0,0,1.3582167863999106,nan,0,0,0,0,0
0,0,0,1.311859468064486,nan,0,0,0,0,0
0,0,0,1.2557161354570778,nan,0,0,0,0,0
0,0,0,1.204110701326442,-1.376266017816394,0,0,0,0,0
0,0,0,1.1547382010595508,-1.2953329648481864,0,0,0,0,0
0,0,0,1.1199060002000203,-1.247501640273906,0,0,0,0,0
0,0,0,1.0862776413805486,-1.204621821727387,0,0,0,0,0
0,0,0,1.0457770561408444,-1.1555646643186654,0,0,0,0,0
0,0,0,1.0104704733857952,-1.1143913183862093,0,0,0,0,0
0,0,0,0.9743463941740926,-1.073325218240237,0,0,0,0,0
0,0,0,0.9360525778038052,-1.0306388891697933,0,0,0,0,0
0,0,0,0.8969914222264723,-0.9877651926439477,0,0,0,0,0
0,0,0,0.8643107316730371,-0.9522747659836982,0,0,0,0,0
0,0,0,0.8400710018217707,-0.9261018241360719,0,0,0,0,0
0,0,0,0.8227903877213392,-0.9074498082975704,0,0,0,0,0
0,0,0,0.8092856116602855,-0.892874650441968,0,0,0,0,0
0,0,0,0.8005752683686793,-0.8834234690514826,0,0,0,0,0
0,0,0,0.7991291111981074,-0.8817314427949233,0,0,0,0,0
0,0,0,0.80895348119091,-0.8921684875210275,0,0,0,0,0
0,0,0,0.8191549647680804,-0.7997322285953552,0,0,0,0,0
0,0,0,0.7844185046153004,-0.7679324020917909,0,0,0,0,0
0,0,0,0.7638950526160546,-0.7498422965611033,0,0,0,0,0
0,0,0,0.7502203929121045,-0.736258961530355,0,0,0,0,0
0,0,0,0.7631397044923935,-0.7481513051771697,0,0,0,0,0
0,0,0,0.7751262884934217,-0.7589360199242535,0,0,0,0,0
0,0,0,0.7865713088979726,-0.7690708831290588,0,0,0,0,0
0,0,0,0.7976393051052418,-0.7789769035494495,0,0,0,0,0
0,0,0,0.8085885732141839,-0.7888744289540801,0,0,0,0,0
0,0,0,0.8196314025317261,-0.799007205883994,0,0,0,0,0
0,0,0,0.8310154356471366,-0.8098578694733257,0,0,0,0,0
0,0,0,0.8429919974531451,-0.8216019594515328,0,0,0,0,0
0,0,0,0.8552524305561806,-0.8334181245232739,0,0,0,0,0
0,0,0,0.866970794822008,-0.8452424687231694,0,0,0,0,0
0,0,0,0.878506131578124,-0.85727638456071,0,0,0,0,0
0,0,0,0.8904748150606918,-0.8701705140557698,0,0,0,0,0
0,0,0,0.9034136427912203,-0.8843177468010839,0,0,0,0,0
0,0,0,0.9171164659402595,-0.8999075910823205,0,0,0,0,0
0,0,0,0.9317288389004603,-0.9163246165275203,0,0,0,0,0
0,0,0,0.9467896831301935,-0.933447707292006,0,0,0,0,0
0,0,0,0.9617325039884645,-0.950888670514829,0,0,0,0,0
0,0,0,0.9765861485951176,-0.968533477746568,0,0,0,0,0
0,0,0,0.9921699272000095,-0.9865637502764983,0,0,0,0,0
0,0,0,1.00819228474021,-1.0052787437253154,0,0,0,0,0
0,0,0,1.0245401082656616,-1.02452325323397,0,0,0,0,0
0,0,0,1.0413783501776241,-1.0441711469721484,0,0,0,0,0
0,0,0,1.0577746870269211,-1.0647044655858342,0,0,0,0,0
0,0,0,1.0748727306134955,-1.085966115976961,0,0,0,0,0
0,0,0,1.0916550501328877,-1.1075883127396964,0,0,0,0,0
0,0,0,1.1035160949163372,-1.1238178374609662,0,0,0,0,0
0,0,0,1.0992081720066873,-1.1326348047433705,0,0,0,0,0
0,0,0,1.0984126220318937,-1.110158167931263,0,0,0,0,0
0,0,0,1.0593818193580187,-1.0690815458946419,0,0,0,0,0
0,0,0,1.0342152225342383,-1.0436240564245178,0,0,0,0,0
0,0,0,1.0883792669330041,-1.0981561379348102,0,0,0,0,0
0,0,0,1.1421986239624982,-1.1524316749173975,0,0,0,0,0
0,0,0,1.1864192988242543,-1.1972208333947163,0,0,0,0,0
0,0,0,1.209701903903202,-1.2209583670801034,0,0,0,0,0
0,0,0,1.227523776463521,-1.2391587115704086,0,0,0,0,0
0,0,0,1.236643138228891,-1.2484852871001064,0,0,0,0,0
0,0,0,1.2409306084712508,-1.2528705372330555,0,0,0,0,0
0,0,0,1.2420799496925874,-1.2540590576117066,0,0,0,0,0
0,0,0,1.2401512878989287,-1.2521057789927077,0,0,0,0,0
0,0,0,1.2261511310645457,-1.237824203059489,0,0,0,0,0
0,0,0,1.2158625855484613,-1.227385743099099,0,0,0,0,0
0,0,0,1.1797017075895375,-1.190616981001818,0,0,0,0,0
0,0,0,1.1418052511480004,-1.1522281490219912,0,0,0,0,0
0,0,0,1.1025108551115106,-1.1125361546961865,0,0,0,0,0
0,0,0,1.0737980288453333,-1.0835953518490857,0,0,0,0,0
0,0,0,1.051948666402353,-1.0616011459376302,0,0,0,0,0
0,0,0,1.0348360368380425,-1.0443908788412701,0,0,0,0,0
0,0,0,1.0189081311578447,-1.0283761365288362,0,0,0,0,0
0,0,0,0.9985753507777738,-1.0078965435182472,0,0,0,0,0
0,0,0,0.9576799485685933,-0.9666711250921416,0,0,0,0,0
0,0,0,0.9268061933631176,-0.9355610718997207,0,0,0,0,0
0,0,0,0.8950032984850813,-0.9035177309884864,0,0,0,0,0
0,0,0,0.8670353783700306,-0.875310913743026,0,0,0,0,0
0,0,0,0.8481442972164269,-0.8562411666055921,0,0,0,0,0
0,0,0,0.8299315862474085,-0.8377793115859122,0,0,0,0,0
0,0,0,0.8095968134125185,-0.8170829443334325,0,0,0,0,0
0,0,0,0.7896143178022925,-0.7968187454070279,0,0,0,0,0
0,0,0,0.7757524062455576,-0.7827142025644062,0,0,0,0,0
0,0,0,0.723087314783942,-0.6904524662838458,0,0,0,0,0
0,0,0,0.7248811500785024,-0.6914066457727707,0,0,0,0,0
0,0,0,0.7372793838658814,-0.701070382908974,0,0,0,0,0
0,0,0,0.7468918135564077,-0.7085140902366366,0,0,0,0,0
0,0,0,0.7555437954345622,-0.7152506903706645,0,0,0,0,0
0,0,0,0.7631812755142798,-0.7210530374079552,0,0,0,0,0
0,0,0,0.7698868340728999,-0.7260537874003905,0,0,0,0,0
0,0,0,0.7760604720984763,-0.7306662476059553,0,0,0,0,0
0,0,0,0.7819070184474051,-0.7350640835943022,0,0,0,0,0
0,0,0,0.7877064985947678,-0.7398935566015552,0,0,0,0,0
0,0,0,0.7939051480164924,-0.7455845160622281,0,0,0,0,0
0,0,0,0.8002023818209729,-0.7514325526230907,0,0,0,0,0
0,0,0,0.8070359852527019,-0.7578715573074346,0,0,0,0,0
0,0,0,0.8146573167701101,-0.7653196673910369,0,0,0,0,0
0,0,0,0.8226865024393856,-0.7734750368075282,0,0,0,0,0
0,0,0,0.8312686579331211,-0.7824473526644476,0,0,0,0,0
0,0,0,0.840356386582236,-0.7917897465672741,0,0,0,0,0
0,0,0,0.8495910283008248,-0.8014256452554743,0,0,0,0,0
0,0,0,0.8590171847625191,-0.8112801359827341,0,0,0,0,0
0,0,0,0.8685952235847717,-0.8215459613353714,0,0,0,0,0
0,0,0,0.8789134268491463,-0.8323819457914406,0,0,0,0,0
0,0,0,0.8899067663976615,-0.8441084397621768,0,0,0,0,0
0,0,0,0.9010968693641102,-0.8561479987314079,0,0,0,0,0
0,0,0,0.9122386961722787,-0.8682853117542776,0,0,0,0,0
0,0,0,0.9234370309069986,-0.8805670169425251,0,0,0,0,0
0,0,0,0.9346977701715938,-0.89315206512234,0,0,0,0,0
0,0,0,0.9459822702489972,-0.906099910671526,0,0,0,0,0
0,0,0,0.9573554518292768,-0.9193567793791506,0,0,0,0,0
0,0,0,0.9686637767298317,-0.932768863799105,0,0,0,0,0
0,0,0,0.9796068057473566,-0.9460664294795864,0,0,0,0,0
0,0,0,0.9905129935869859,-0.9594980791357278,0,0,0,0,0
0,0,0,0.9993630208262281,-0.9709445188067967,0,0,0,0,0
0,0,0,1.000232347391488,-0.974872413936706,0,0,0,0,0
0,0,0,0.986025480482069,-0.9768643156965691,0,0,0,0,0
0,0,0,0.9486088638072933,-0.9507473232663499,0,0,0,0,0
0,0,0,0.991377886988533,-0.9934237363300173,0,0,0,0,0
0,0,0,1.0168917649222826,-1.0188610086862655,0,0,0,0,0
0,0,0,1.0522855615003819,-1.054253990294241,0,0,0,0,0
0,0,0,1.111685655546218,-1.1136201316176257,0,0,0,0,0
0,0,0,1.1501726346388743,-1.1520317410752736,0,0,0,0,0
0,0,0,1.1602807645048614,-1.1619565820692344,0,0,0,0,0
0,0,0,1.1674099646691731,-1.16893866254753,0,0,0,0,0
0,0,0,1.184323737341556,-1.1857280603030396,0,0,0,0,0
0,0,0,1.1819848192439575,-1.1833601308015196,0,0,0,0,0
0,0,0,1.1769815218277737,-1.1783704112320263,0,0,0,0,0
0,0,0,1.1737947571012355,-1.1752273225753633,0,0,0,0,0
0,0,0,1.146348917800458,-1.1479692301169677,0,0,0,0,0
0,0,0,1.1148420590093866,-1.116699547405219,0,0,0,0,0
0,0,0,1.0885808751970372,-1.0906156127241204,0,0,0,0,0
0,0,0,1.0676760731133879,-1.0698473797813992,0,0,0,0,0
0,0,0,1.0344986553454756,-1.0367662222913725,0,0,0,0,0
0,0,0,1.012095484002564,-1.014404923864003,0,0,0,0,0
0,0,0,0.9966688451811716,-0.9990110028440209,0,0,0,0,0
0,0,0,0.9865346706569706,-0.9888992751032666,0,0,0,0,0
0,0,0,0.962959834366362,-0.965345628894414,0,0,0,0,0
0,0,0,0.9461721995468974,-0.9485660064832449,0,0,0,0,0
0,0,0,0.9233599064411762,-0.9257099585608406,0,0,0,0,0
0,0,0,0.9067348020641215,-0.9090494732815452,0,0,0,0,0
0,0,0,0.8842005309886775,-0.886462863667045,0,0,0,0,0
0,0,0,0.8646764698777405,-0.8668243840444679,0,0,0,0,0
0,0,0,0.8400329235580688,-0.8419327336992302,0,0,0,0,0
0,0,0,0.8246654188207988,-0.8263482811615243,0,0,0,0,0
0,0,0,0.8180028091398541,-0.8195175052711049,0,0,0,0,0
0,0,0,0.7380861127973769,-0.72240551693096,0,0,0,0,0
0,0,0,0.7297859338237466,-0.7118663115081472,0,0,0,0,0
0,0,0,0.7432376270004455,-0.7230851551733902,0,0,0,0,0
0,0,0,0.7522977163870177,-0.7296033062528536,0,0,0,0,0
0,0,0,0.7608671274273512,-0.7361762581424768,0,0,0,0,0
0,0,0,0.7699701631921168,-0.7434077041141157,0,0,0,0,0
0,0,0,0.7788476923237487,-0.7503806933790632,0,0,0,0,0
0,0,0,0.7870542902523633,-0.7567503516916732,0,0,0,0,0
0,0,0,0.7946178488560705,-0.7627268365829062,0,0,0,0,0
0,0,0,0.8014471495614274,-0.7682417528657552,0,0,0,0,0
0,0,0,0.8080103691688822,-0.7737470842057952,0,0,0,0,0
0,0,0,0.8150105443383341,-0.7799877992063218,0,0,0,0,0
0,0,0,0.8224101630251497,-0.786873557684467,0,0,0,0,0
0,0,0,0.8302624993405255,-0.7944728868244163,0,0,0,0,0
0,0,0,0.8388336843816732,-0.8028271512017556,0,0,0,0,0
0,0,0,0.8480938423633609,-0.8120665033666766,0,0,0,0,0
0,0,0,0.8580362653868107,-0.8222442509945267,0,0,0,0,0
0,0,0,0.8686842386735054,-0.833043699781248,0,0,0,0,0
0,0,0,0.8804256366558046,-0.8453117847899837,0,0,0,0,0
0,0,0,0.892875286808301,-0.8583712889148122,0,0,0,0,0
0,0,0,0.9050545631662841,-0.8704001723582457,0,0,0,0,0
0,0,0,0.9158544208000134,-0.8799884428167112,0,0,0,0,0
0,0,0,0.9266009513585499,-0.889023313444797,0,0,0,0,0
0,0,0,0.9462711214584032,-0.9084217026061867,0,0,0,0,0
0,0,0,0.9709787768288453,-0.9228345721292763,0,0,0,0,0
0,0,0,0.9693449304779397,-0.9453305212443366,0,0,0,0,0
0,0,0,0.9849657521865838,-0.9649908863866694,0,0,0,0,0
0,0,0,0.9997922849831601,-0.9833785894994955,0,0,0,0,0
0,0,0,1.0140949873416556,-1.0013024844950318,0,0,0,0,0
0,0,0,1.0281188928026865,-1.0190198475626557,0,0,0,0,0
0,0,0,1.0419694376427597,-1.0368497745843617,0,0,0,0,0
0,0,0,1.0556758759450016,-1.054782014184419,0,0,0,0,0
0,0,0,1.069193244192339,-1.0725281990554625,0,0,0,0,0
0,0,0,1.0698177719672528,-1.0691934595931674,0,0,0,0,0
0,0,0,1.0524923048519397,-1.0640133147656332,0,0,0,0,0
0,0,0,1.0254014532703564,-1.0153465601361105,0,0,0,0,0
0,0,0,0.9852635519909752,-0.9758663517114374,0,0,0,0,0
0,0,0,1.0197624519029773,-1.00982611733446,0,0,0,0,0
0,0,0,1.1147199980780411,-1.1028299112860618,0,0,0,0,0
0,0,0,1.188271997917589,-1.1740913265242081,0,0,0,0,0
0,0,0,1.2366393318974946,-1.2204592420221785,0,0,0,0,0
0,0,0,1.2509571507260029,-1.2341277255972218,0,0,0,0,0
0,0,0,1.24264248464139,-1.2261730832896824,0,0,0,0,0
0,0,0,1.221251701012972,-1.2057138477557268,0,0,0,0,0
0,0,0,1.2020504297104997,-1.187223144899216,0,0,0,0,0
0,0,0,1.193197317366296,-1.1786604216228054,0,0,0,0,0
0,0,0,1.1882623952964015,-1.1738805750615973,0,0,0,0,0
0,0,0,1.1761668617745746,-1.1622197047332645,0,0,0,0,0
0,0,0,1.1369569140448434,-1.1242739582845487,0,0,0,0,0
0,0,0,1.1081412476004908,-1.0962540845621553,0,0,0,0,0
0,0,0,1.0863558281506889,-1.0750086619398502,0,0,0,0,0
0,0,0,1.0615589336672255,-1.0507520364314757,0,0,0,0,0
0,0,0,1.0376261695906432,-1.0272150322095026,0,0,0,0,0
0,0,0,1.0166189301141375,-1.0065225780468912,0,0,0,0,0
0,0,0,0.9982893899787508,-0.9884407775198989,0,0,0,0,0
0,0,0,0.9766705996474542,-0.9670632016562819,0,0,0,0,0
0,0,0,0.952710852793231,-0.9433348415865043,0,0,0,0,0
0,0,0,0.9315483055127914,-0.9223471997553316,0,0,0,0,0
0,0,0,0.9118092538609619,-0.9027510702568449,0,0,0,0,0
0,0,0,0.891824780500197,-0.8828650044970003,0,0,0,0,0
0,0,0,0.8715211261011881,-0.8625807648749162,0,0,0,0,0
0,0,0,0.8583685113379342,-0.8493956300224054,0,0,0,0,0
0,0,0,0.846880926439652,-0.8377824216498763,0,0,0,0,0
0,0,0,0.8340816238430244,-0.8248402884346276,0,0,0,0,0
0,0,0,0.8321679578744696,-0.8227608068586355,0,0,0,0,0
0,0,0,0.7689953198489822,-0.7336229820060741,0,0,0,0,0
0,0,0,0.7308887194750848,-0.6952502280917775,0,0,0,0,0
0,0,0,0.7101960403875158,-0.6755038741000354,0,0,0,0,0
0,0,0,0.7130321699218047,-0.6774639220692995,0,0,0,0,0
0,0,0,0.7227981720647876,-0.6867830983434461,0,0,0,0,0
0,0,0,0.7335629521909511,-0.6969818105805101,0,0,0,0,0
0,0,0,0.7445126485847117,-0.7073262105493064,0,0,0,0,0
0,0,0,0.7550965204145811,-0.7173621970874615,0,0,0,0,0
0,0,0,0.7651684114420899,-0.7270187882951143,0,0,0,0,0
0,0,0,0.7748844224134781,-0.7364499111383933,0,0,0,0,0
0,0,0,0.7843849676319197,-0.7457507354375289,0,0,0,0,0
0,0,0,0.7938961417451242,-0.755173246420742,0,0,0,0,0
0,0,0,0.8037539587868932,-0.7651618210410484,0,0,0,0,0
0,0,0,0.8142798052925962,-0.7759785847280382,0,0,0,0,0
0,0,0,0.8252906100787257,-0.787526148635613,0,0,0,0,0
0,0,0,0.8366831690941202,-0.7995028776242118,0,0,0,0,0
0,0,0,0.8483539585152021,-0.8118530381576842,0,0,0,0,0
0,0,0,0.8602304072442679,-0.825039540458344,0,0,0,0,0
0,0,0,0.8729589486545792,-0.839134729634156,0,0,0,0,0
0,0,0,0.8852907105776557,-0.8530395491441375,0,0,0,0,0
0,0,0,0.895773116198089,-0.8635366624010717,0,0,0,0,0
0,0,0,0.9057431256170013,-0.8736111020066913,0,0,0,0,0
0,0,0,0.9161589810222983,-0.8843807291582025,0,0,0,0,0
0,0,0,0.926314904627571,-0.8949359384117107,0,0,0,0,0
0,0,0,0.9534473723480031,-0.9151975359000922,0,0,0,0,0
0,0,0,0.9662662098384232,-0.9335229268099631,0,0,0,0,0
0,0,0,0.9747297295538073,-0.9525844342402723,0,0,0,0,0
0,0,0,0.9825259035208532,-0.9731363883671437,0,0,0,0,0
0,0,0,0.9950416246554818,-0.9902436748186247,0,0,0,0,0
0,0,0,1.008029143332958,-1.00736228259471,0,0,0,0,0
0,0,0,1.0215343991728243,-1.0252745764666213,0,0,0,0,0
0,0,0,1.032738594655901,-1.038672285907099,0,0,0,0,0
0,0,0,1.0379113794908084,-1.0424348094778124,0,0,0,0,0
0,0,0,1.0295750501072811,-1.0585192830930055,0,0,0,0,0
0,0,0,1.004443217191576,-1.0500354219262527,0,0,0,0,0
0,0,0,0.9967261996424506,-1.0419028976235483,0,0,0,0,0
0,0,0,1.0232556444309937,-1.069841247502071,0,0,0,0,0
0,0,0,1.0415330925517219,-1.0891867643700162,0,0,0,0,0
0,0,0,1.0662762342972174,-1.1155834219147727,0,0,0,0,0
0,0,0,1.0843917036707655,-1.1350666575152772,0,0,0,0,0
0,0,0,1.093389224396049,-1.1448974802658434,0,0,0,0,0
0,0,0,1.1013809413750928,-1.1536627615743302,0,0,0,0,0
0,0,0,1.1097558893527546,-1.1627922034154623,0,0,0,0,0
0,0,0,1.119698483106416,-1.1736607257968443,0,0,0,0,0
0,0,0,1.120754410713881,-1.1748161197101836,0,0,0,0,0
0,0,0,1.1151053134225712,-1.1685995300906247,0,0,0,0,0
0,0,0,1.1101908187637242,-1.1632144468918335,0,0,0,0,0
0,0,0,1.0989352906631944,-1.1509797681114577,0,0,0,0,0
0,0,0,1.0785694476787882,-1.1290291704962583,0,0,0,0,0
0,0,0,1.0346306041726532,-1.0821336858778445,0,0,0,0,0
0,0,0,0.9897725346948201,-1.0348132098241516,0,0,0,0,0
0,0,0,0.9562818334647742,-0.9997787047275508,0,0,0,0,0
0,0,0,0.9321006995785304,-0.9746005994613125,0,0,0,0,0
0,0,0,0.9150057570575779,-0.9568558175931738,0,0,0,0,0
0,0,0,0.897962480787189,-0.9391579176932924,0,0,0,0,0
0,0,0,0.8842739019048711,-0.9249479226502224,0,0,0,0,0
0,0,0,0.8650170906570487,-0.9050174875855054,0,0,0,0,0
0,0,0,0.8468282258858169,-0.8862296321731571,0,0,0,0,0
0,0,0,0.8228365165171379,-0.8614922796111573,0,0,0,0,0
0,0,0,0.7993632479961782,-0.8372765860028086,0,0,0,0,0
0,0,0,0.782188731159369,-0.8195171970901625,0,0,0,0,0
0,0,0,0.7674136355442318,-0.804137791439152,0,0,0,0,0
0,0,0,0.764112915532883,-0.8005542201448721,0,0,0,0,0
0,0,0,0.78316875332576,-0.8092685467654251,0,0,0,0,0
0,0,0,0.7351319487060196,-0.7088505568887312,0,0,0,0,0
0,0,0,0.709685941316431,-0.6847937202059866,0,0,0,0,0
0,0,0,0.7122504785906828,-0.6861753247074209,0,0,0,0,0
0,0,0,0.722344614520841,-0.6952642932637447,0,0,0,0,0
0,0,0,0.7331599889519081,-0.705335556136925,0,0,0,0,0
0,0,0,0.7445593695408378,-0.716254034570911,0,0,0,0,0
0,0,0,0.7557650570145521,-0.7271655631906743,0,0,0,0,0
0,0,0,0.7657699906117387,-0.7368804145023768,0,0,0,0,0
0,0,0,0.7744435750417918,-0.7452357190797888,0,0,0,0,0
0,0,0,0.7820777258957752,-0.7525613286872656,0,0,0,0,0
0,0,0,0.7891095167072807,-0.7592688349865351,0,0,0,0,0
0,0,0,0.7960839623729837,-0.7660172365126008,0,0,0,0,0
0,0,0,0.803481924362598,-0.7733575059204083,0,0,0,0,0
0,0,0,0.811884121128988,-0.7818890910005971,0,0,0,0,0
0,0,0,0.8212691321616424,-0.7918893601326107,0,0,0,0,0
0,0,0,0.831512542006583,-0.8030279252324637,0,0,0,0,0
0,0,0,0.8426093513933791,-0.8151395405644417,0,0,0,0,0
0,0,0,0.8541433439371832,-0.8282324332517278,0,0,0,0,0
0,0,0,0.8662651366633303,-0.8416028882603501,0,0,0,0,0
0,0,0,0.8780081210866112,-0.855644045563258,0,0,0,0,0
0,0,0,0.8899597821112204,-0.8695564801893936,0,0,0,0,0
0,0,0,0.9023767229610371,-0.883874256181392,0,0,0,0,0
0,0,0,0.915171081645549,-0.8986775720508414,0,0,0,0,0
0,0,0,0.9282155368488475,-0.9137836418514123,0,0,0,0,0
0,0,0,0.9413430397802391,-0.9294257708353391,0,0,0,0,0
0,0,0,0.954916883313131,-0.9455720661773169,0,0,0,0,0
0,0,0,0.9687411695668161,-0.962168914061954,0,0,0,0,0
0,0,0,0.9827564480807289,-0.9791058620370446,0,0,0,0,0
0,0,0,0.9969498346667083,-0.9964429207218359,0,0,0,0,0
0,0,0,1.011581467558514,-1.0146694573806412,0,0,0,0,0
0,0,0,1.0268449532491688,-1.0338188548980165,0,0,0,0,0
0,0,0,1.0426043559776466,-1.0536716080360629,0,0,0,0,0
0,0,0,1.055039785993902,-1.0713857308585748,0,0,0,0,0
0,0,0,1.05483958378268,-1.0763618546633578,0,0,0,0,0
0,0,0,1.02495126513012,-1.0702267657494953,0,0,0,0,0
0,0,0,1.030981249598102,-1.0765758443007016,0,0,0,0,0
0,0,0,1.0929883385766384,-1.1427833405758034,0,0,0,0,0
0,0,0,1.1401102672363628,-1.1942611169386277,0,0,0,0,0
0,0,0,1.1768309650906263,-1.2354993838805803,0,0,0,0,0
0,0,0,1.1704068151328948,-1.2282352580261713,0,0,0,0,0
0,0,0,1.1546835700308518,-1.2105813179610214,0,0,0,0,0
0,0,0,1.1474939260006454,-1.2026212629946653,0,0,0,0,0
0,0,0,1.1515651039986075,-1.2071894172095539,0,0,0,0,0
0,0,0,1.16473839299573,-1.2220153780499177,0,0,0,0,0
0,0,0,1.166958023387667,-1.2245700082550692,0,0,0,0,0
0,0,0,1.1669022517913457,-1.2245565891019787,0,0,0,0,0
0,0,0,1.149867398463772,-1.205507303719253,0,0,0,0,0
0,0,0,1.133656909910813,-1.1876100795971218,0,0,0,0,0
0,0,0,1.1047814635311861,-1.1561303825127291,0,0,0,0,0
0,0,0,1.052845237208753,-1.100397929673106,0,0,0,0,0
0,0,0,1.0193519830217879,-1.0649742872302725,0,0,0,0,0
0,0,0,0.9964918037438935,-1.0409072246076598,0,0,0,0,0
0,0,0,0.9803671016751951,-1.0240048009921352,0,0,0,0,0
0,0,0,0.9627058428533023,-1.0055464451138953,0,0,0,0,0
0,0,0,0.9480359766650588,-0.9902516435437256,0,0,0,0,0
0,0,0,0.9310578283368829,-0.972572971226892,0,0,0,0,0
0,0,0,0.9150374120831603,-0.9559294714645283,0,0,0,0,0
0,0,0,0.8982862691940127,-0.9385623750980399,0,0,0,0,0
0,0,0,0.8610973986045735,-0.9000906412348065,0,0,0,0,0
0,0,0,0.832184584922562,-0.8701839778328359,0,0,0,0,0
0,0,0,0.8116631409292361,-0.8489212684412429,0,0,0,0,0
0,0,0,0.8007763588939422,-0.8375409576276862,0,0,0,0,0
0,0,0,0.7951607029556016,-0.8315898225896596,0,0,0,0,0
0,0,0,0.8106633144006874,-0.8472544433701371,0,0,0,0,0
0,0,0,0.7676546362945941,-0.7433920358328413,0,0,0,0,0
0,0,0,0.7357140194501998,-0.7126746968013847,0,0,0,0,0
0,0,0,0.726740863256949,-0.7027309362533398,0,0,0,0,0
0,0,0,0.736285236965827,-0.7102523793608753,0,0,0,0,0
0,0,0,0.7449643578618789,-0.7169874046753532,0,0,0,0,0
0,0,0,0.7542186311130186,-0.7245385288579325,0,0,0,0,0
0,0,0,0.7637961642657307,-0.7326927438193201,0,0,0,0,0
0,0,0,0.7727140144214071,-0.7401984363922061,0,0,0,0,0
0,0,0,0.7809225731561421,-0.7470440518122055,0,0,0,0,0
0,0,0,0.7889537648755677,-0.7537684722950249,0,0,0,0,0
0,0,0,0.7971100065519495,-0.7607708974425024,0,0,0,0,0
0,0,0,0.8057225459753657,-0.7685962860082736,0,0,0,0,0
0,0,0,0.8150091119824511,-0.7775067257319177,0,0,0,0,0
0,0,0,0.8250700748773959,-0.7873853660446077,0,0,0,0,0
0,0,0,0.8355034485999918,-0.7978498359989903,0,0,0,0,0
0,0,0,0.8462214339321873,-0.8086721725551218,0,0,0,0,0
0,0,0,0.857148942610238,-0.8196437361727619,0,0,0,0,0
0,0,0,0.8684219744475073,-0.8312411928298004,0,0,0,0,0
0,0,0,0.8802551946838525,-0.8435012554442384,0,0,0,0,0
0,0,0,0.8920240116313645,-0.856232385326473,0,0,0,0,0
0,0,0,0.9040817955267547,-0.8697399521323627,0,0,0,0,0
0,0,0,0.9171437921776601,-0.8837654792342698,0,0,0,0,0
0,0,0,0.9307034004000967,-0.8984285247116768,0,0,0,0,0
0,0,0,0.9442121841222921,-0.9133345399670951,0,0,0,0,0
0,0,0,0.9576419490173178,-0.9279835197198159,0,0,0,0,0
0,0,0,0.9711079144691472,-0.9427515500451754,0,0,0,0,0
0,0,0,0.9845402060410369,-0.9577923751419085,0,0,0,0,0
0,0,0,0.997383046770957,-0.9725262356330489,0,0,0,0,0
0,0,0,1.0098228692534654,-0.9869810733037625,0,0,0,0,0
0,0,0,1.0228134875654171,-1.0023447891047823,0,0,0,0,0
0,0,0,1.0369666125091397,-1.019209800469723,0,0,0,0,0
0,0,0,1.052493892679696,-1.0371309778059121,0,0,0,0,0
0,0,0,1.0547562599521307,-1.0430477140417995,0,0,0,0,0
0,0,0,1.0458517347746614,-1.0416383066365387,0,0,0,0,0
0,0,0,1.0089783779874928,-1.0266476047046333,0,0,0,0,0
0,0,0,0.9820949562738439,-0.9996754507037315,0,0,0,0,0
0,0,0,1.0359293034508124,-1.054460371627607,0,0,0,0,0
0,0,0,1.0842498705005088,-1.1038303623020027,0,0,0,0,0
0,0,0,1.158226741600274,-1.1800940768768284,0,0,0,0,0
0,0,0,1.2127082007852557,-1.2372165112679587,0,0,0,0,0
0,0,0,1.2509178720831768,-1.2781410791794998,0,0,0,0,0
0,0,0,1.267431442037174,-1.2961960301300048,0,0,0,0,0
0,0,0,1.2553475829090621,-1.2829816695707317,0,0,0,0,0
0,0,0,1.2296810901972797,-1.2553276756017442,0,0,0,0,0
0,0,0,1.2148022724846754,-1.239494512059824,0,0,0,0,0
0,0,0,1.1964771453003475,-1.220018782557189,0,0,0,0,0
0,0,0,1.1742304242894166,-1.1967429060801926,0,0,0,0,0
0,0,0,1.146656318841387,-1.168169677985881,0,0,0,0,0
0,0,0,1.1095359670067617,-1.1300493373916782,0,0,0,0,0
0,0,0,1.059785573175413,-1.079173192119795,0,0,0,0,0
0,0,0,1.0200585699566833,-1.0387142921032055,0,0,0,0,0
0,0,0,0.9907796092202643,-1.0089546114050962,0,0,0,0,0
0,0,0,0.970359580823476,-0.9882405709339982,0,0,0,0,0
0,0,0,0.9605349660736711,-0.9782219447915776,0,0,0,0,0
0,0,0,0.9491990112724819,-0.9666736261191351,0,0,0,0,0
0,0,0,0.9363666784458726,-0.9536318114992349,0,0,0,0,0
0,0,0,0.9258467953916916,-0.9429506870326482,0,0,0,0,0
0,0,0,0.9111037561451611,-0.9280022369430951,0,0,0,0,0
0,0,0,0.8990907154993004,-0.9158296513079442,0,0,0,0,0
0,0,0,0.8721315666157942,-0.8884820153624878,0,0,0,0,0
0,0,0,0.8504534154173101,-0.8664706074934078,0,0,0,0,0
0,0,0,0.8228573284736767,-0.8383019337288228,0,0,0,0,0
0,0,0,0.8090658673149744,-0.8241356893471848,0,0,0,0,0
0,0,0,0.8074055607947784,-0.8222856701218421,0,0,0,0,0
0,0,0,0.7252917687622678,-0.6990625152277484,0,0,0,0,0
0,0,0,0.7285419416946357,-0.6992409164274528,0,0,0,0,0
0,0,0,0.7399892967298217,-0.7078855925297864,0,0,0,0,0
0,0,0,0.7505372873594313,-0.7162012340321845,0,0,0,0,0
0,0,0,0.7616180807193677,-0.725236615674399,0,0,0,0,0
0,0,0,0.7725473523654376,-0.7341181022995173,0,0,0,0,0
0,0,0,0.7834314446451416,-0.7430565323811544,0,0,0,0,0
0,0,0,0.7937818147197845,-0.7515785626135602,0,0,0,0,0
0,0,0,0.8032599085085887,-0.759358242057444,0,0,0,0,0
0,0,0,0.8116973583492825,-0.7662051764092879,0,0,0,0,0
0,0,0,0.8193777369697188,-0.7724745402254448,0,0,0,0,0
0,0,0,0.8265508449717398,-0.7784241158901517,0,0,0,0,0
0,0,0,0.8336143725134152,-0.7844103853635814,0,0,0,0,0
0,0,0,0.8408043456067252,-0.7907814837621187,0,0,0,0,0
0,0,0,0.8484688780673085,-0.7980841229807658,0,0,0,0,0
0,0,0,0.8569478682192577,-0.8063369566433349,0,0,0,0,0
0,0,0,0.8663090421089843,-0.8157397568576394,0,0,0,0,0
0,0,0,0.8761606606101563,-0.8260248552907864,0,0,0,0,0
0,0,0,0.886761678120526,-0.8366599740998885,0,0,0,0,0
0,0,0,0.8976180801653855,-0.8480804388469061,0,0,0,0,0
0,0,0,0.9087609272410699,-0.8599546351924212,0,0,0,0,0
0,0,0,0.9200447720610188,-0.8720280677727879,0,0,0,0,0
0,0,0,0.9312396236251115,-0.8837478413802139,0,0,0,0,0
0,0,0,0.942056411783631,-0.8956881141687106,0,0,0,0,0
0,0,0,0.9527020189851603,-0.9076437510778954,0,0,0,0,0
0,0,0,0.9633472907103461,-0.9198175121966781,0,0,0,0,0
0,0,0,0.9737399169086423,-0.9321375050792706,0,0,0,0,0
0,0,0,0.984308124622141,-0.944610257047452,0,0,0,0,0
0,0,0,0.9953035643266359,-0.9577550121513241,0,0,0,0,0
0,0,0,1.0070388442452052,-0.9717898813842251,0,0,0,0,0
0,0,0,1.0193376018467621,-0.9864394587781441,0,0,0,0,0
0,0,0,1.0313535076534228,-1.0002189274797992,0,0,0,0,0
0,0,0,1.0371949250973453,-1.0060180654001178,0,0,0,0,0
0,0,0,1.0275942263565823,-1.0056654185549987,0,0,0,0,0
0,0,0,1.0258489903736732,-0.9801253157626115,0,0,0,0,0
0,0,0,0.9959409913238725,-0.9459386905762486,0,0,0,0,0
0,0,0,0.9600853577125441,-0.9118714484189627,0,0,0,0,0
0,0,0,1.009412314493243,-0.9586570153466851,0,0,0,0,0
0,0,0,1.1370785914240482,-1.076805702488311,0,0,0,0,0
0,0,0,1.2310999405178973,-1.1593142465293653,0,0,0,0,0
0,0,0,1.3070370371365148,-1.2206183235750832,0,0,0,0,0
0,0,0,1.3006547233697194,-1.2157893229286576,0,0,0,0,0
0,0,0,1.2945158349607173,-1.2110697944237048,0,0,0,0,0
0,0,0,1.2754775536223446,-1.1960247052025055,0,0,0,0,0
0,0,0,1.2622403630776398,-1.185300996440752,0,0,0,0,0
0,0,0,1.2514043414042815,-1.1764048207968765,0,0,0,0,0
0,0,0,1.235630745857829,-1.1632562883059012,0,0,0,0,0
0,0,0,1.2162120500331342,-1.146802110399565,0,0,0,0,0
0,0,0,1.1896131293036363,-1.1238231159814251,0,0,0,0,0
0,0,0,1.1438038478965795,-1.0832295568083703,0,0,0,0,0
0,0,0,1.1098071387567585,-1.0524771777228092,0,0,0,0,0
0,0,0,1.07391447386706,-1.0194952484676816,0,0,0,0,0
0,0,0,1.047037209427217,-0.9945376755532261,0,0,0,0,0
0,0,0,1.0206872750689047,-0.9698317474093385,0,0,0,0,0
0,0,0,1.0010096171233158,-0.9512750717213152,0,0,0,0,0
0,0,0,0.9854850100324385,-0.9365685227607239,0,0,0,0,0
0,0,0,0.9717376328248758,-0.9234984337257843,0,0,0,0,0
0,0,0,0.9610291170269323,-0.9132918269331379,0,0,0,0,0
0,0,0,0.951084983110856,-0.9037855839125939,0,0,0,0,0
0,0,0,0.9311933726906658,-0.8846336726060946,0,0,0,0,0
0,0,0,0.9090059101823379,-0.8631417533461555,0,0,0,0,0
0,0,0,0.8777782391400105,-0.8327603304068467,0,0,0,0,0
0,0,0,0.8475948737198759,-0.8033308084886915,0,0,0,0,0
0,0,0,0.7968433153350785,-0.7794423251277023,0,0,0,0,0
0,0,0,0.7008454943561532,-0.6985481372357543,0,0,0,0,0
0,0,0,0.709269743924408,-0.7038632679564714,0,0,0,0,0
0,0,0,0.7189001491805845,-0.7105181356516157,0,0,0,0,0
0,0,0,0.7274520523702122,-0.716511244299536,0,0,0,0,0
0,0,0,0.7378322539543012,-0.7251669163621774,0,0,0,0,0
0,0,0,0.7499796959159526,-0.7363302238620627,0,0,0,0,0
0,0,0,0.7626861295597396,-0.7482282058710552,0,0,0,0,0
0,0,0,0.7741726536905142,-0.7586886510260482,0,0,0,0,0
0,0,0,0.7835593036993086,-0.7669885963899051,0,0,0,0,0
0,0,0,0.7916350433715689,-0.774232757900229,0,0,0,0,0
0,0,0,0.7992646514225229,-0.7810704818246824,0,0,0,0,0
0,0,0,0.8070528264816914,-0.7882842471467797,0,0,0,0,0
0,0,0,0.8154581720748227,-0.7963005699707937,0,0,0,0,0
0,0,0,0.8244980236038008,-0.8051109038483953,0,0,0,0,0
0,0,0,0.8339484792238323,-0.8147560105063021,0,0,0,0,0
0,0,0,0.8444441412447627,-0.8251384584782961,0,0,0,0,0
0,0,0,0.855517108346591,-0.8363956573077579,0,0,0,0,0
0,0,0,0.8667884769287986,-0.8482983397402681,0,0,0,0,0
0,0,0,0.8781173989804244,-0.8603648484560269,0,0,0,0,0
0,0,0,0.8894768402662648,-0.8725888354824965,0,0,0,0,0
0,0,0,0.9006833255336119,-0.884904364396492,0,0,0,0,0
0,0,0,0.9121858261157838,-0.8976583883245768,0,0,0,0,0
0,0,0,0.9243096059362008,-0.9115938483836664,0,0,0,0,0
0,0,0,0.937078350916312,-0.926619936950998,0,0,0,0,0
0,0,0,0.9500131652829603,-0.9423194383875202,0,0,0,0,0
0,0,0,0.963359412507683,-0.9582136365982701,0,0,0,0,0
0,0,0,0.9766364854236533,-0.9744261659240679,0,0,0,0,0
0,0,0,0.9898461191398646,-0.9908022247437605,0,0,0,0,0
0,0,0,1.003611475479803,-1.0078925850406946,0,0,0,0,0
0,0,0,1.018469221905525,-1.0262601005326275,0,0,0,0,0
0,0,0,1.034128543835719,-1.0455511066855512,0,0,0,0,0
0,0,0,1.0488267954696067,-1.0633729321095728,0,0,0,0,0
0,0,0,1.0518039116338436,-1.0635412104228892,0,0,0,0,0
0,0,0,1.0407147283480924,-1.0471554283659295,0,0,0,0,0
0,0,0,1.0176525470035434,-0.9976247903734683,0,0,0,0,0
0,0,0,1.01673072998289,-0.9966892396261273,0,0,0,0,0
0,0,0,1.030385543559635,-1.0099399384207841,0,0,0,0,0
0,0,0,1.067874477918736,-1.0462559124412147,0,0,0,0,0
0,0,0,1.115599073700493,-1.0921479886320244,0,0,0,0,0
0,0,0,1.1568714682470678,-1.1314922418440545,0,0,0,0,0
0,0,0,1.1901032231387072,-1.1628506021966043,0,0,0,0,0
0,0,0,1.2160072480118318,-1.1870519062097598,0,0,0,0,0
0,0,0,1.2264876587442806,-1.1967757663566183,0,0,0,0,0
0,0,0,1.2196850157312504,-1.1905131487504854,0,0,0,0,0
0,0,0,1.2131955488196409,-1.1845188209354565,0,0,0,0,0
0,0,0,1.2016896713662337,-1.1738496736738928,0,0,0,0,0
0,0,0,1.1846529537116075,-1.1579468054870639,0,0,0,0,0
0,0,0,1.1616891955708646,-1.1363416278234997,0,0,0,0,0
0,0,0,1.1223289505317149,-1.0989169909482608,0,0,0,0,0
0,0,0,1.0950919815182207,-1.0728327964375515,0,0,0,0,0
0,0,0,1.0709873457487595,-1.0496301686450271,0,0,0,0,0
0,0,0,1.0540904087742815,-1.0333176653172844,0,0,0,0,0
0,0,0,1.0349844723241675,-1.01479937373364,0,0,0,0,0
0,0,0,1.007730050704448,-0.988232678999084,0,0,0,0,0
0,0,0,0.9840083893707166,-0.9650207061785072,0,0,0,0,0
0,0,0,0.9653359166116877,-0.9467003505922005,0,0,0,0,0
0,0,0,0.949237352188277,-0.9308779021261542,0,0,0,0,0
0,0,0,0.9220292426329914,-0.9041243417293708,0,0,0,0,0
0,0,0,0.9047366340792311,-0.8870847654844143,0,0,0,0,0
0,0,0,0.8923341760839874,-0.8748419487692745,0,0,0,0,0
0,0,0,0.8622907459925768,-0.8449774780399427,0,0,0,0,0
0,0,0,0.8342844356289429,-0.8171072984623846,0,0,0,0,0
0,0,0,0.8165906219103892,-0.7994150454466813,0,0,0,0,0
0,0,0,0.8110317415307962,-0.7937843779350374,0,0,0,0,0
0,0,0,0.719903763839771,-0.7005923373227665,0,0,0,0,0
0,0,0,0.7117915685083468,-0.6913654133670258,0,0,0,0,0
0,0,0,0.7230448997466712,-0.701627072179908,0,0,0,0,0
0,0,0,0.7330051468776024,-0.7101690370597992,0,0,0,0,0
0,0,0,0.7428152704981819,-0.7185028004549227,0,0,0,0,0
0,0,0,0.752512187520751,-0.7267245180151647,0,0,0,0,0
0,0,0,0.7620074364698275,-0.7347416945769792,0,0,0,0,0
0,0,0,0.7714753779151761,-0.7428233649609737,0,0,0,0,0
0,0,0,0.7801438491548705,-0.7502075069478467,0,0,0,0,0
0,0,0,0.7884012253985188,-0.7575943749675647,0,0,0,0,0
0,0,0,0.7969976899992295,-0.7654239769211427,0,0,0,0,0
0,0,0,0.8060209652250543,-0.7739490628978758,0,0,0,0,0
0,0,0,0.8158169223474971,-0.7834619232780721,0,0,0,0,0
0,0,0,0.8259957043838184,-0.7934386244232232,0,0,0,0,0
0,0,0,0.8361515790938139,-0.8033241285789654,0,0,0,0,0
0,0,0,0.8462746942112459,-0.8133991411437043,0,0,0,0,0
0,0,0,0.8566013595016635,-0.8237609303128753,0,0,0,0,0
0,0,0,0.8673508020033646,-0.8346668902265174,0,0,0,0,0
0,0,0,0.8784630048287808,-0.8463856092230081,0,0,0,0,0
0,0,0,0.8899289553098956,-0.8581095019139776,0,0,0,0,0
0,0,0,0.9012798955048352,-0.8705711311183366,0,0,0,0,0
0,0,0,0.9127412219242512,-0.8838963373171912,0,0,0,0,0
0,0,0,0.925148239746446,-0.8977483249825566,0,0,0,0,0
0,0,0,0.9381998568894165,-0.9123189518999818,0,0,0,0,0
0,0,0,0.9517801872221753,-0.9276213488915243,0,0,0,0,0
0,0,0,0.9656942771352806,-0.9433808283763869,0,0,0,0,0
0,0,0,0.9796260317731103,-0.9593097731022084,0,0,0,0,0
0,0,0,0.9933896320036555,-0.9752570950003508,0,0,0,0,0
0,0,0,1.0071801294145566,-0.9914641428906099,0,0,0,0,0
0,0,0,1.02110182304751,-1.0082305647474592,0,0,0,0,0
0,0,0,1.034998829355004,-1.0249406928383658,0,0,0,0,0
0,0,0,1.0487139327383503,-1.0411812996150354,0,0,0,0,0
0,0,0,1.0470850132370497,-1.0432085742013943,0,0,0,0,0
0,0,0,1.0325277175139569,-1.0298986767582023,0,0,0,0,0
0,0,0,1.0082282268844238,-0.9816318682634283,0,0,0,0,0
0,0,0,1.039438084918089,-1.0116517079280714,0,0,0,0,0
0,0,0,1.1002666797323126,-1.0698662727203092,0,0,0,0,0
0,0,0,1.146924526964458,-1.1139190674074153,0,0,0,0,0
0,0,0,1.183248181015299,-1.1477434620067422,0,0,0,0,0
0,0,0,1.2078905384694096,-1.170406962491634,0,0,0,0,0
0,0,0,1.2236370822494607,-1.184756434413122,0,0,0,0,0
0,0,0,1.2227152053456583,-1.1838993015226729,0,0,0,0,0
0,0,0,1.222809987811537,-1.184037572031451,0,0,0,0,0
0,0,0,1.223009476800852,-1.1842846794030182,0,0,0,0,0
0,0,0,1.2207044782741492,-1.18227223834506,0,0,0,0,0
0,0,0,1.2197245702079795,-1.1814744243927238,0,0,0,0,0
0,0,0,1.2081986197681474,-1.1710544827896656,0,0,0,0,0
0,0,0,1.1755811155350084,-1.1410921964386764,0,0,0,0,0
0,0,0,1.1405480621190227,-1.1084338406362593,0,0,0,0,0
0,0,0,1.112765904229772,-1.08225458423495,0,0,0,0,0
0,0,0,1.0928205863259786,-1.0633458308720865,0,0,0,0,0
0,0,0,1.0749883917600505,-1.0463581573001435,0,0,0,0,0
0,0,0,1.0621443741929646,-1.034085118576524,0,0,0,0,0
0,0,0,1.0431527887895742,-1.0158230890632902,0,0,0,0,0
0,0,0,1.0249537756463518,-0.9982601668202681,0,0,0,0,0
0,0,0,1.0023505628741265,-0.9763934063990363,0,0,0,0,0
0,0,0,0.9823863265037722,-0.9570201499305847,0,0,0,0,0
0,0,0,0.9496491737128556,-0.9251335799323022,0,0,0,0,0
0,0,0,0.9277340372796663,-0.9037219218636473,0,0,0,0,0
0,0,0,0.9131974212334562,-0.8894877568716566,0,0,0,0,0
0,0,0,0.8763296179286701,-0.8530801673823231,0,0,0,0,0
0,0,0,0.8466580954128881,-0.823697738801958,0,0,0,0,0
0,0,0,0.8292041768677224,-0.8063203723538682,0,0,0,0,0
0,0,0,0.8189998063510259,-0.7961191422790566,0,0,0,0,0
0,0,0,0.7272084609279409,-0.7187744526129398,0,0,0,0,0
0,0,0,0.7364072084998212,-0.725505828409472,0,0,0,0,0
0,0,0,0.7493078291902702,-0.7359773334033404,0,0,0,0,0
0,0,0,0.7611545853696169,-0.7454886545746083,0,0,0,0,0
0,0,0,0.7722884143194331,-0.7543636980801235,0,0,0,0,0
0,0,0,0.7829577099201206,-0.7629751876031946,0,0,0,0,0
0,0,0,0.7924738297844403,-0.7705822618793425,0,0,0,0,0
0,0,0,0.8007988930719657,-0.777197423542145,0,0,0,0,0
0,0,0,0.808441747787973,-0.7833906469474067,0,0,0,0,0
0,0,0,0.8159374891870477,-0.7897869422844934,0,0,0,0,0
0,0,0,0.8236241478634184,-0.7968059473824656,0,0,0,0,0
0,0,0,0.831121008939,-0.8039038586062072,0,0,0,0,0
0,0,0,0.838173668612299,-0.8107459257096546,0,0,0,0,0
0,0,0,0.8457201190356396,-0.8183066393902337,0,0,0,0,0
0,0,0,0.8539151899517045,-0.8266286871728905,0,0,0,0,0
0,0,0,0.8625017630340371,-0.8356512989708051,0,0,0,0,0
0,0,0,0.87149589501541,-0.845253582737197,0,0,0,0,0
0,0,0,0.8813003729575926,-0.8556086826444195,0,0,0,0,0
0,0,0,0.8914991367428193,-0.8667866699327094,0,0,0,0,0
0,0,0,0.9020022996065212,-0.8786598788958615,0,0,0,0,0
0,0,0,0.9129216924507001,-0.8910380890902114,0,0,0,0,0
0,0,0,0.9240671405353523,-0.9036644917072719,0,0,0,0,0
0,0,0,0.9354523545487239,-0.9166784986893002,0,0,0,0,0
0,0,0,0.9469122422581427,-0.9301533810496646,0,0,0,0,0
0,0,0,0.9587789672950991,-0.9444940836448906,0,0,0,0,0
0,0,0,0.9707630666695963,-0.9588873508587519,0,0,0,0,0
0,0,0,0.982352067808629,-0.9728186105859911,0,0,0,0,0
0,0,0,0.9936379641380013,-0.9867679274940515,0,0,0,0,0
0,0,0,1.0048536328329207,-1.0009226903507478,0,0,0,0,0
0,0,0,1.0161831215386183,-1.0154867134863528,0,0,0,0,0
0,0,0,1.0279186242721732,-1.030728294955035,0,0,0,0,0
0,0,0,1.039842670051674,-1.046218578268085,0,0,0,0,0
0,0,0,1.0455966701870452,-1.0524358207614535,0,0,0,0,0
0,0,0,1.034645454067812,-1.0418002991469453,0,0,0,0,0
0,0,0,1.011580324224743,-0.9979889585367177,0,0,0,0,0
0,0,0,1.0027398152572902,-0.989300739952572,0,0,0,0,0
0,0,0,0.9990667956680668,-0.9856757816714042,0,0,0,0,0
0,0,0,1.0345734324632332,-1.0204703683902625,0,0,0,0,0
0,0,0,1.1119223549900654,-1.0958499802010793,0,0,0,0,0
0,0,0,1.175983993183688,-1.1576025038760824,0,0,0,0,0
0,0,0,1.2263094260434817,-1.2054676119700884,0,0,0,0,0
0,0,0,1.2574002024976374,-1.2346508751134175,0,0,0,0,0
0,0,0,1.268210425042513,-1.2446952535734201,0,0,0,0,0
0,0,0,1.2520676442611112,-1.2296313213213539,0,0,0,0,0
0,0,0,1.238091573895983,-1.2165318311275621,0,0,0,0,0
0,0,0,1.2282779838993148,-1.2073059999229618,0,0,0,0,0
0,0,0,1.2150091306519093,-1.1948164618946802,0,0,0,0,0
0,0,0,1.200813919742095,-1.1814093596362083,0,0,0,0,0
0,0,0,1.141514289667282,-1.1247594809338173,0,0,0,0,0
0,0,0,1.095662734487516,-1.0804329464934115,0,0,0,0,0
0,0,0,1.0642240168564747,-1.04988130476255,0,0,0,0,0
0,0,0,1.040017446830055,-1.0262347323571364,0,0,0,0,0
0,0,0,1.0223437622705311,-1.008883365638968,0,0,0,0,0
0,0,0,1.0094381608032017,-0.9961898405810083,0,0,0,0,0
0,0,0,0.9902708877277407,-0.9773368807726832,0,0,0,0,0
0,0,0,0.9766838462458036,-0.9639493102938214,0,0,0,0,0
0,0,0,0.9519870819927019,-0.9395930729673982,0,0,0,0,0
0,0,0,0.9095792788135634,-0.8976899347876129,0,0,0,0,0
0,0,0,0.8812425628560825,-0.869618346351404,0,0,0,0,0
0,0,0,0.8537759393618725,-0.8422049691093001,0,0,0,0,0
0,0,0,0.8256975130308823,-0.8140924183645277,0,0,0,0,0
0,0,0,0.8084704263067979,-0.7967738547849388,0,0,0,0,0
0,0,0,0.8097286660139345,-0.7978542744682744,0,0,0,0,0
0,0,0,0.8157034828532259,-0.803667806013483,0,0,0,0,0
0,0,0,0.7510863282650551,-0.7295139532459457,0,0,0,0,0
0,0,0,0.7297054051776541,-0.7073598044903834,0,0,0,0,0
0,0,0,0.7194540745787081,-0.6953742012620506,0,0,0,0,0
0,0,0,0.7277819922244937,-0.7027520778617834,0,0,0,0,0
0,0,0,0.7375616341210832,-0.7111445436946394,0,0,0,0,0
0,0,0,0.7485696039065911,-0.7211173528110681,0,0,0,0,0
0,0,0,0.7601390685408268,-0.7318397043165261,0,0,0,0,0
0,0,0,0.7713743263577499,-0.7423695464944856,0,0,0,0,0
0,0,0,0.7822111464434676,-0.7526312651406702,0,0,0,0,0
0,0,0,0.7924995005720286,-0.76241549249693,0,0,0,0,0
0,0,0,0.8024642998864471,-0.7719804851000194,0,0,0,0,0
0,0,0,0.8123333805426327,-0.7815117074097878,0,0,0,0,0
0,0,0,0.8226083839334717,-0.7915896101517945,0,0,0,0,0
0,0,0,0.8334927343785111,-0.8027465712243633,0,0,0,0,0
0,0,0,0.845145848649558,-0.8148912091004691,0,0,0,0,0
0,0,0,0.8575090368102187,-0.8277656297467545,0,0,0,0,0
0,0,0,0.8702978815399176,-0.8412100437352804,0,0,0,0,0
0,0,0,0.8829925001585753,-0.8552126893140072,0,0,0,0,0
0,0,0,0.8961684271388126,-0.8691137253057739,0,0,0,0,0
0,0,0,0.9091603254572445,-0.8830750095749278,0,0,0,0,0
0,0,0,0.9214034164763197,-0.8957914433236263,0,0,0,0,0
0,0,0,0.9331949931823839,-0.9079348187263497,0,0,0,0,0
0,0,0,0.9452177980434961,-0.9208313924637213,0,0,0,0,0
0,0,0,0.957433794902777,-0.9342176452142846,0,0,0,0,0
0,0,0,0.9705060202297277,-0.9492732887194508,0,0,0,0,0
0,0,0,0.9846533546023201,-0.9662606569170868,0,0,0,0,0
0,0,0,1.0007420802298714,-0.9870762726384545,0,0,0,0,0
0,0,0,1.0174204595673133,-1.0088255375845114,0,0,0,0,0
0,0,0,1.0313364218566723,-1.0265170788782052,0,0,0,0,0
0,0,0,1.0455558507608051,-1.0444520955109537,0,0,0,0,0
0,0,0,1.060747042970787,-1.0637183344145096,0,0,0,0,0
0,0,0,1.07414634459109,-1.0788464296704172,0,0,0,0,0
0,0,0,1.0815416074423307,-1.0892469704911423,0,0,0,0,0
0,0,0,1.049928457109406,-1.086445339197668,0,0,0,0,0
0,0,0,1.0195206460032638,-1.058839316619677,0,0,0,0,0
0,0,0,0.9896625679500428,-1.0276363569062505,0,0,0,0,0
0,0,0,1.0317928929395288,-1.0715976466966737,0,0,0,0,0
0,0,0,1.0780997057006332,-1.120428925756594,0,0,0,0,0
0,0,0,1.1425965006081484,-1.1898364616087447,0,0,0,0,0
0,0,0,1.1863180208999546,-1.2383144502376981,0,0,0,0,0
0,0,0,1.2115530672658863,-1.267158965906555,0,0,0,0,0
0,0,0,1.220963992317624,-1.2781501134615438,0,0,0,0,0
0,0,0,1.2190503022986512,-1.275913515766653,0,0,0,0,0
0,0,0,1.213041420033625,-1.268928482535929,0,0,0,0,0
0,0,0,1.2065462980033794,-1.2614479247935169,0,0,0,0,0
0,0,0,1.2034094238445265,-1.2578864304702644,0,0,0,0,0
0,0,0,1.171376627730932,-1.2218676787285947,0,0,0,0,0
0,0,0,1.1404860025551526,-1.1879206092944976,0,0,0,0,0
0,0,0,1.1160928483092514,-1.1615399702691993,0,0,0,0,0
0,0,0,1.0961928542576345,-1.1402277493959112,0,0,0,0,0
0,0,0,1.074922835216098,-1.1175904217936934,0,0,0,0,0
0,0,0,1.0431361731223225,-1.0839735706496763,0,0,0,0,0
0,0,0,1.0044204112392023,-1.043306541542456,0,0,0,0,0
0,0,0,0.9727278673236358,-1.0102624477525413,0,0,0,0,0
0,0,0,0.9480169432142145,-0.9846062461889602,0,0,0,0,0
0,0,0,0.917802273200864,-0.9533670926958959,0,0,0,0,0
0,0,0,0.8916320496912465,-0.9263577942765469,0,0,0,0,0
0,0,0,0.872513949014491,-0.9066842554667287,0,0,0,0,0
0,0,0,0.8535883072791064,-0.887229599536911,0,0,0,0,0
0,0,0,0.8379840756509653,-0.871191798726903,0,0,0,0,0
0,0,0,0.8173997530252981,-0.8499399799294027,0,0,0,0,0
0,0,0,0.7961751334797593,-0.828004409039847,0,0,0,0,0
0,0,0,0.7901886128828052,-0.8216160530125931,0,0,0,0,0
0,0,0,0.8004008000037254,-0.8318701445146846,0,0,0,0,0
0,0,0,0.7685338442301402,-0.7431536220364413,0,0,0,0,0
0,0,0,0.7330889121819937,-0.70712426791765,0,0,0,0,0
0,0,0,0.7199340333496318,-0.6920209596495935,0,0,0,0,0
0,0,0,0.7238573671345401,-0.6942686319572228,0,0,0,0,0
0,0,0,0.7357947283565451,-0.7042592786108165,0,0,0,0,0
0,0,0,0.7482482215829607,-0.7149555497543192,0,0,0,0,0
0,0,0,0.761241384656429,-0.7265768758138474,0,0,0,0,0
0,0,0,0.774063008078295,-0.7382671469583804,0,0,0,0,0
0,0,0,0.786151599363697,-0.74947761631025,0,0,0,0,0
0,0,0,0.7976396250183283,-0.7601539859632311,0,0,0,0,0
0,0,0,0.8082039985494469,-0.7698892869679475,0,0,0,0,0
0,0,0,0.8179955890307008,-0.7788858588269659,0,0,0,0,0
0,0,0,0.8274029555900719,-0.7874811823955464,0,0,0,0,0
0,0,0,0.8368592426482826,-0.7964993954917218,0,0,0,0,0
0,0,0,0.8465013559162162,-0.8059002768033245,0,0,0,0,0
0,0,0,0.8562924632472293,-0.81575181933357,0,0,0,0,0
0,0,0,0.8661220106382924,-0.8259395110779767,0,0,0,0,0
0,0,0,0.8761285493099065,-0.8358902713538466,0,0,0,0,0
0,0,0,0.8861491098581633,-0.8460947714747513,0,0,0,0,0
0,0,0,0.8959955426356634,-0.8567693699460885,0,0,0,0,0
0,0,0,0.9065513496977887,-0.8675831807811546,0,0,0,0,0
0,0,0,0.9174578365961485,-0.879034993941175,0,0,0,0,0
0,0,0,0.9287062354215192,-0.8910534854280291,0,0,0,0,0
0,0,0,0.9403011487766286,-0.9036619334068892,0,0,0,0,0
0,0,0,0.9523761608599101,-0.916697983533649,0,0,0,0,0
0,0,0,0.9644290088018079,-0.9301319868349276,0,0,0,0,0
0,0,0,0.9762117063555976,-0.9431968113707958,0,0,0,0,0
0,0,0,0.9876770654426903,-0.9561277037760207,0,0,0,0,0
0,0,0,0.9988937037127215,-0.9692514475945302,0,0,0,0,0
0,0,0,1.0104527867455877,-0.9830153207352192,0,0,0,0,0
0,0,0,1.0221728974295539,-0.9966812700772671,0,0,0,0,0
0,0,0,1.0341419964492284,-1.0104790909294499,0,0,0,0,0
0,0,0,1.0403162331701425,-1.016803839798671,0,0,0,0,0
0,0,0,1.0259485664431687,-1.0074322257916586,0,0,0,0,0
0,0,0,0.9919137382529806,-0.9775270064312921,0,0,0,0,0
0,0,0,0.9563066539019226,-0.9290110939777283,0,0,0,0,0
0,0,0,1.064816122609947,-1.0335766280456626,0,0,0,0,0
0,0,0,1.1454436804813901,-1.1098144878907377,0,0,0,0,0
0,0,0,1.2035159349848026,-1.1634570163692084,0,0,0,0,0
0,0,0,1.2260843983656409,-1.1839019129626533,0,0,0,0,0
0,0,0,1.217777758414736,-1.1764001088883649,0,0,0,0,0
0,0,0,1.1983111443938645,-1.1586512943839196,0,0,0,0,0
0,0,0,1.181508527085822,-1.1432063628330704,0,0,0,0,0
0,0,0,1.1979759029270747,-1.1582563717849668,0,0,0,0,0
0,0,0,1.200197564384283,-1.160260377899789,0,0,0,0,0
0,0,0,1.191239389677692,-1.1520573877881093,0,0,0,0,0
0,0,0,1.1855645665439585,-1.146877378713525,0,0,0,0,0
0,0,0,1.16516866189626,-1.1281211651555525,0,0,0,0,0
0,0,0,1.1253765710090908,-1.0911213590008568,0,0,0,0,0
0,0,0,1.0965615504701542,-1.0640419427156662,0,0,0,0,0
0,0,0,1.0730964949146626,-1.0417579238146308,0,0,0,0,0
0,0,0,1.0531150883556166,-1.0226739541197745,0,0,0,0,0
0,0,0,1.038811729860227,-1.0089693698730196,0,0,0,0,0
0,0,0,1.026984880226616,-0.9976332557261471,0,0,0,0,0
0,0,0,1.0145796738576012,-0.9857024978737396,0,0,0,0,0
0,0,0,1.002547503605074,-0.9741033565644511,0,0,0,0,0
0,0,0,0.9843028485902804,-0.9564587941977392,0,0,0,0,0
0,0,0,0.959914260984497,-0.9328015002060757,0,0,0,0,0
0,0,0,0.9232279102611729,-0.8970131833040637,0,0,0,0,0
0,0,0,0.894823063092114,-0.8691577233352646,0,0,0,0,0
0,0,0,0.8609386086825754,-0.8357865729763471,0,0,0,0,0
0,0,0,0.8363302162854149,-0.8114600658491931,0,0,0,0,0
0,0,0,0.8200801025323265,-0.7953542115869346,0,0,0,0,0
0,0,0,0.7221120345407199,-0.7124224769189501,0,0,0,0,0
0,0,0,0.7139371511959157,-0.7022947122259028,0,0,0,0,0
0,0,0,0.7280656308733887,-0.7140212134711437,0,0,0,0,0
0,0,0,0.7391484845698411,-0.7227199385616578,0,0,0,0,0
0,0,0,0.7502116744466437,-0.7317242679887691,0,0,0,0,0
0,0,0,0.7609390287237013,-0.7407465343670097,0,0,0,0,0
0,0,0,0.7712431189009149,-0.7496626002312292,0,0,0,0,0
0,0,0,0.7803619932600276,-0.7573834299170179,0,0,0,0,0
0,0,0,0.7885029248435653,-0.7642448691304017,0,0,0,0,0
0,0,0,0.7961867473231322,-0.7708382260638635,0,0,0,0,0
0,0,0,0.8038131412383102,-0.7776166781477597,0,0,0,0,0
0,0,0,0.8114586476611664,-0.7845274492454315,0,0,0,0,0
0,0,0,0.8192833876075547,-0.7918498111694227,0,0,0,0,0
0,0,0,0.8275634073873821,-0.7996709391695828,0,0,0,0,0
0,0,0,0.8364952859468751,-0.808297636002187,0,0,0,0,0
0,0,0,0.8460780732679445,-0.8177329178370214,0,0,0,0,0
0,0,0,0.8561861406588471,-0.8278559539585091,0,0,0,0,0
0,0,0,0.866559923901124,-0.8387285213055922,0,0,0,0,0
0,0,0,0.8771695958625961,-0.8500001615974702,0,0,0,0,0
0,0,0,0.8877619523943976,-0.8614661095545965,0,0,0,0,0
0,0,0,0.8986717206197931,-0.8733519986773957,0,0,0,0,0
0,0,0,0.9102873149957937,-0.8858458205157123,0,0,0,0,0
0,0,0,0.9220545191864069,-0.8991154383175785,0,0,0,0,0
0,0,0,0.9338432149632401,-0.9124382368065358,0,0,0,0,0
0,0,0,0.9455938518083515,-0.9260774096273835,0,0,0,0,0
0,0,0,0.9575950762144022,-0.9401188342119557,0,0,0,0,0
0,0,0,0.9699027809100494,-0.9547003638816625,0,0,0,0,0
0,0,0,0.9823651693388631,-0.9697350468787018,0,0,0,0,0
0,0,0,0.994732364756708,-0.9849108500177542,0,0,0,0,0
0,0,0,1.0070467896528084,-1.0003076061536955,0,0,0,0,0
0,0,0,1.0192300131240293,-1.0159962456169704,0,0,0,0,0
0,0,0,1.0315066345966766,-1.0317687679516614,0,0,0,0,0
0,0,0,1.0424609850435056,-1.0464504619590616,0,0,0,0,0
0,0,0,1.0396725161058127,-1.049962236029422,0,0,0,0,0
0,0,0,1.0123128613589243,-1.0396672783939869,0,0,0,0,0
0,0,0,0.9803512368620391,-1.0164526759627615,0,0,0,0,0
0,0,0,0.9512684381088867,-0.9864864731967962,0,0,0,0,0
0,0,0,1.0686446211570775,-1.108786222295807,0,0,0,0,0
0,0,0,1.1571984041310475,-1.2037444563711615,0,0,0,0,0
0,0,0,1.228707548405006,-1.28474166934196,0,0,0,0,0
0,0,0,1.2876853296049962,-1.3589090450665513,0,0,0,0,0
0,0,0,1.2849645871195203,-1.355216275203095,0,0,0,0,0
0,0,0,1.27254431002126,-1.3386935768074752,0,0,0,0,0
0,0,0,1.2023905725646984,-1.2542506341358075,0,0,0,0,0
0,0,0,1.1705719713912006,-1.2184956468681638,0,0,0,0,0
0,0,0,1.161486721176466,-1.2083890042693843,0,0,0,0,0
0,0,0,1.1449061526583595,-1.1901890526998824,0,0,0,0,0
0,0,0,1.1300302545014471,-1.1741422495552016,0,0,0,0,0
0,0,0,1.1037482961963903,-1.1459652762369579,0,0,0,0,0
0,0,0,1.0701563749922183,-1.1103481349927207,0,0,0,0,0
0,0,0,1.0439928336390858,-1.082858701421306,0,0,0,0,0
0,0,0,1.0260061075536493,-1.0640603735564553,0,0,0,0,0
0,0,0,1.0081930917232456,-1.0454822566007191,0,0,0,0,0
0,0,0,0.991007086911651,-1.0275520769690438,0,0,0,0,0
0,0,0,0.9778250693242352,-1.0138216911417355,0,0,0,0,0
0,0,0,0.9679304513381949,-1.003536673935574,0,0,0,0,0
0,0,0,0.9537047700922947,-0.9887983852370419,0,0,0,0,0
0,0,0,0.9422309037861338,-0.9769380684841313,0,0,0,0,0
0,0,0,0.9263899315391299,-0.96059537076038,0,0,0,0,0
0,0,0,0.8886488609616355,-0.9217558654134748,0,0,0,0,0
0,0,0,0.8557078622241115,-0.8878934240999662,0,0,0,0,0
0,0,0,0.8358779902574829,-0.8675275682115284,0,0,0,0,0
0,0,0,0.8174135841922929,-0.8484534483746248,0,0,0,0,0
0,0,0,0.8068503622728392,-0.8374520445918202,0,0,0,0,0
0,0,0,0.8072616748908675,-0.8376697462786119,0,0,0,0,0
0,0,0,0.779627798192597,-0.7676417496026279,0,0,0,0,0
0,0,0,0.7317178074972521,-0.7200272236884641,0,0,0,0,0
0,0,0,0.7260952209760608,-0.7128359365402112,0,0,0,0,0
0,0,0,0.7378065603444018,-0.7236057599419572,0,0,0,0,0
0,0,0,0.7506184956069196,-0.7352627254383837,0,0,0,0,0
0,0,0,0.7635206498486932,-0.7470298745809593,0,0,0,0,0
0,0,0,0.7757878970413946,-0.7581750184852257,0,0,0,0,0
0,0,0,0.7873424092690096,-0.7686977428837513,0,0,0,0,0
0,0,0,0.797887433821462,-0.7782443064986257,0,0,0,0,0
0,0,0,0.8070762905066933,-0.7865424643634574,0,0,0,0,0
0,0,0,0.8155860247045288,-0.7943134369132392,0,0,0,0,0
0,0,0,0.8241214655193113,-0.802372712298771,0,0,0,0,0
0,0,0,0.8329970796963221,-0.8110853896998875,0,0,0,0,0
0,0,0,0.8422530881354036,-0.8203620088284695,0,0,0,0,0
0,0,0,0.8516266557994739,-0.8297404647811184,0,0,0,0,0
0,0,0,0.8609151130594506,-0.839780842040968,0,0,0,0,0
0,0,0,0.8710452836660776,-0.8503772581959519,0,0,0,0,0
0,0,0,0.8815529746182229,-0.8620342341164124,0,0,0,0,0
0,0,0,0.8925041669456925,-0.8743759308828014,0,0,0,0,0
0,0,0,0.9037747036144471,-0.8873771872215502,0,0,0,0,0
0,0,0,0.9153429226994746,-0.9008296590337289,0,0,0,0,0
0,0,0,0.9269788478711786,-0.9147189750519819,0,0,0,0,0
0,0,0,0.9387153112595095,-0.9288135807447739,0,0,0,0,0
0,0,0,0.9506702527394933,-0.9428776553647076,0,0,0,0,0
0,0,0,0.962623571416145,-0.9576277439051686,0,0,0,0,0
0,0,0,0.9743248709249269,-0.9726185626426357,0,0,0,0,0
0,0,0,0.9858050573964308,-0.9872837815623718,0,0,0,0,0
0,0,0,0.9970012821734544,-1.0021749499773818,0,0,0,0,0
0,0,0,1.0077510662009566,-1.016987203861417,0,0,0,0,0
0,0,0,1.0183780585649962,-1.0323121011502299,0,0,0,0,0
0,0,0,1.0298822451691323,-1.048652289963453,0,0,0,0,0
0,0,0,1.042486914859722,-1.0660357694446436,0,0,0,0,0
0,0,0,1.053054710921237,-1.0796144342491614,0,0,0,0,0
0,0,0,1.05432666584402,-1.0833784904317554,0,0,0,0,0
0,0,0,1.0409006120315156,-1.073543722549044,0,0,0,0,0
0,0,0,1.0285345386255302,-1.0307385034913397,0,0,0,0,0
0,0,0,1.0259312791962456,-1.0280304178782385,0,0,0,0,0
0,0,0,1.0410963750360829,-1.0430612775663088,0,0,0,0,0
0,0,0,1.1302788908109367,-1.1319957063976531,0,0,0,0,0
0,0,0,1.2006410472123024,-1.2020215131243286,0,0,0,0,0
0,0,0,1.229509818543048,-1.2307504680486347,0,0,0,0,0
0,0,0,1.2275889962695912,-1.2287840598121602,0,0,0,0,0
0,0,0,1.2170484113506643,-1.2182641176691449,0,0,0,0,0
0,0,0,1.2129050285843568,-1.2141074853081821,0,0,0,0,0
0,0,0,1.205430069032943,-1.2066357296568873,0,0,0,0,0
0,0,0,1.2050989553432339,-1.2063019438087261,0,0,0,0,0
0,0,0,1.2016065309673039,-1.2028299157136888,0,0,0,0,0
0,0,0,1.1875846161292096,-1.1888863816723827,0,0,0,0,0
0,0,0,1.1769549195254687,-1.1783314541989245,0,0,0,0,0
0,0,0,1.1436815158343605,-1.1452579815426602,0,0,0,0,0
0,0,0,1.101708694779211,-1.1035024446235089,0,0,0,0,0
0,0,0,1.0626624673808527,-1.0646380886743947,0,0,0,0,0
0,0,0,1.0285423082271505,-1.030611814149626,0,0,0,0,0
0,0,0,1.00428038796721,-1.0064141820573989,0,0,0,0,0
0,0,0,0.9816621857933252,-0.983836556627715,0,0,0,0,0
0,0,0,0.9625599205744082,-0.9647653551688917,0,0,0,0,0
0,0,0,0.9416199856409927,-0.9438502459703881,0,0,0,0,0
0,0,0,0.9254296214018026,-0.92767120002445,0,0,0,0,0
0,0,0,0.9053753023276152,-0.907588696063558,0,0,0,0,0
0,0,0,0.8786883497638155,-0.8807626058509117,0,0,0,0,0
0,0,0,0.8552683871356528,-0.8571634420613382,0,0,0,0,0
0,0,0,0.8406807370052722,-0.842391200419641,0,0,0,0,0
0,0,0,0.831473796583851,-0.8329983510561322,0,0,0,0,0
0,0,0,0.8288914779104338,-0.8302473179042514,0,0,0,0,0
0,0,0,0.7860667787895614,-0.7624235481780991,0,0,0,0,0
0,0,0,0.7523369495072493,-0.7314954140136256,0,0,0,0,0
0,0,0,0.7230057953870898,-0.7004765745054246,0,0,0,0,0
0,0,0,0.7178952372661669,-0.6941487484036373,0,0,0,0,0
0,0,0,0.7288436869025086,-0.7035918653474825,0,0,0,0,0
0,0,0,0.7407958153011343,-0.7143650220892328,0,0,0,0,0
0,0,0,0.7527170044113694,-0.7251244818051823,0,0,0,0,0
0,0,0,0.7636547281162193,-0.7349810773005749,0,0,0,0,0
0,0,0,0.7737575763961758,-0.7441307532596239,0,0,0,0,0
0,0,0,0.7833152278215983,-0.7528817497852118,0,0,0,0,0
0,0,0,0.7923928164758508,-0.7612385325096908,0,0,0,0,0
0,0,0,0.8012722002785891,-0.7695850535404576,0,0,0,0,0
0,0,0,0.8102227512174467,-0.7783440844886538,0,0,0,0,0
0,0,0,0.8190716437235414,-0.7873688047972189,0,0,0,0,0
0,0,0,0.8283907234188618,-0.7968181052142829,0,0,0,0,0
0,0,0,0.8380271145145478,-0.8069044285632433,0,0,0,0,0
0,0,0,0.8475679805905143,-0.817433321317255,0,0,0,0,0
0,0,0,0.8569794546106282,-0.8281673928581095,0,0,0,0,0
0,0,0,0.8664920790556487,-0.839079826491128,0,0,0,0,0
0,0,0,0.8758929914147267,-0.8507372827139996,0,0,0,0,0
0,0,0,0.8858910589361787,-0.8626961874442367,0,0,0,0,0
0,0,0,0.896589985412139,-0.8749477368015579,0,0,0,0,0
0,0,0,0.9073403677105543,-0.8873854058694521,0,0,0,0,0
0,0,0,0.9180833081297908,-0.8998740935888374,0,0,0,0,0
0,0,0,0.9288232285484089,-0.9123997621463915,0,0,0,0,0
0,0,0,0.9398682247238603,-0.9256639823136206,0,0,0,0,0
0,0,0,0.951569749679932,-0.9397854735639323,0,0,0,0,0
0,0,0,0.9638790855472549,-0.9547492419238557,0,0,0,0,0
0,0,0,0.9761430206708173,-0.970233490612205,0,0,0,0,0
0,0,0,0.9887700129401991,-0.9861766753884234,0,0,0,0,0
0,0,0,1.0020062872911173,-1.0028943301141338,0,0,0,0,0
0,0,0,1.0159159218810823,-1.0200021767520397,0,0,0,0,0
0,0,0,1.0216765129903154,-1.0296650894772692,0,0,0,0,0
0,0,0,1.0130827481938827,-1.033660598278774,0,0,0,0,0
0,0,0,0.9847240363795167,-1.0205176489240968,0,0,0,0,0
0,0,0,0.9597111738539712,-0.9946708212477118,0,0,0,0,0
0,0,0,1.0190044225164105,-1.0561811253244415,0,0,0,0,0
0,0,0,1.0829961500796168,-1.123399055582531,0,0,0,0,0
0,0,0,1.1344081680115252,-1.178363789092477,0,0,0,0,0
0,0,0,1.1811997894474495,-1.2297004737610278,0,0,0,0,0
0,0,0,1.212881848555353,-1.2655661812827952,0,0,0,0,0
0,0,0,1.2192210030971735,-1.2729219682280866,0,0,0,0,0
0,0,0,1.1997108477386504,-1.2506195939535816,0,0,0,0,0
0,0,0,1.1893385542611898,-1.2389728179741673,0,0,0,0,0
0,0,0,1.1815165364359759,-1.2302757899624093,0,0,0,0,0
0,0,0,1.1732218535577112,-1.2211022158111082,0,0,0,0,0
0,0,0,1.165978240802441,-1.2131582393072113,0,0,0,0,0
0,0,0,1.1369881136887243,-1.1816256036549715,0,0,0,0,0
0,0,0,1.110761468092639,-1.1534969201838603,0,0,0,0,0
0,0,0,1.0643471215151046,-1.1042372696077636,0,0,0,0,0
0,0,0,1.0297000427682597,-1.0679021385485021,0,0,0,0,0
0,0,0,1.0028397920984378,-1.0399143490282834,0,0,0,0,0
0,0,0,0.9801515929486039,-1.0163635013386796,0,0,0,0,0
0,0,0,0.9646585778935564,-1.0003256111162855,0,0,0,0,0
0,0,0,0.9530988938952497,-0.9883713147669473,0,0,0,0,0
0,0,0,0.9440210565988238,-0.9789983884700746,0,0,0,0,0
0,0,0,0.936050896642134,-0.9707749006788688,0,0,0,0,0
0,0,0,0.9113057539153495,-0.9452503706530551,0,0,0,0,0
0,0,0,0.8861824613827515,-0.919370245888059,0,0,0,0,0
0,0,0,0.8661958271958995,-0.8987966627374026,0,0,0,0,0
0,0,0,0.8531845747019017,-0.885379422298475,0,0,0,0,0
0,0,0,0.8408449254035207,-0.8725926966587466,0,0,0,0,0
0,0,0,0.8324428604514826,-0.863836700821567,0,0,0,0,0
0,0,0,0.8311975985775996,-0.8623459884555532,0,0,0,0,0
0,0,0,0.8221868510175108,-0.8253094136685937,0,0,0,0,0
0,0,0,0.7400715795222578,-0.7351799260821692,0,0,0,0,0
0,0,0,0.7171573191275376,-0.7113335778519,0,0,0,0,0
0,0,0,0.7276214555382594,-0.7195182974447879,0,0,0,0,0
0,0,0,0.7367081491547827,-0.7266264065783782,0,0,0,0,0
0,0,0,0.7464242578756984,-0.734894279605761,0,0,0,0,0
0,0,0,0.756640727687428,-0.7438562396558142,0,0,0,0,0
0,0,0,0.766827694956574,-0.7528724446635785,0,0,0,0,0
0,0,0,0.7756959757670036,-0.7605102023963095,0,0,0,0,0
0,0,0,0.7832601538451267,-0.7670816093140836,0,0,0,0,0
0,0,0,0.7904221183255369,-0.773370760368311,0,0,0,0,0
0,0,0,0.7978608704718595,-0.7805245467799418,0,0,0,0,0
0,0,0,0.8058102684186622,-0.7884365689019769,0,0,0,0,0
0,0,0,0.8141971171165208,-0.796901367435391,0,0,0,0,0
0,0,0,0.8228898805597715,-0.8057831644233735,0,0,0,0,0
0,0,0,0.8318111675642401,-0.8152672967955094,0,0,0,0,0
0,0,0,0.8412777271665595,-0.8251087976117217,0,0,0,0,0
0,0,0,0.8510282536458703,-0.8360363066857035,0,0,0,0,0
0,0,0,0.8614492482594056,-0.8478013019816478,0,0,0,0,0
0,0,0,0.8723853060986246,-0.8603159659944029,0,0,0,0,0
0,0,0,0.8835830760852116,-0.8738489547000523,0,0,0,0,0
0,0,0,0.8953296115654541,-0.8878996231390388,0,0,0,0,0
0,0,0,0.9074404818668023,-0.9025727293665,0,0,0,0,0
0,0,0,0.9202250246192826,-0.9175371032313764,0,0,0,0,0
0,0,0,0.933261745431518,-0.9330477142485827,0,0,0,0,0
0,0,0,0.9464923387030514,-0.9491046911114516,0,0,0,0,0
0,0,0,0.9597866769045957,-0.9652985307637816,0,0,0,0,0
0,0,0,0.9731541410799514,-0.98174209440826,0,0,0,0,0
0,0,0,0.9867676874801181,-0.9987683054908135,0,0,0,0,0
0,0,0,1.0009724946147593,-1.0166463771061127,0,0,0,0,0
0,0,0,1.0158623803077016,-1.0354651535122437,0,0,0,0,0
0,0,0,1.0300268699066937,-1.0534458058635996,0,0,0,0,0
0,0,0,1.0355063252792538,-1.062412975948524,0,0,0,0,0
0,0,0,1.0303311429837059,-1.058041631974761,0,0,0,0,0
0,0,0,1.0147943218547217,-1.0172098769207527,0,0,0,0,0
0,0,0,0.9939348424317602,-0.9963139288024296,0,0,0,0,0
0,0,0,1.023027594268683,-1.0253149342540868,0,0,0,0,0
0,0,0,1.0509853625730872,-1.0531752655266435,0,0,0,0,0
0,0,0,1.113699301308491,-1.1157504245991183,0,0,0,0,0
0,0,0,1.1633842169088777,-1.1653162299700623,0,0,0,0,0
0,0,0,1.2011618928639325,-1.203012591471344,0,0,0,0,0
0,0,0,1.229230894225939,-1.2310451063384462,0,0,0,0,0
0,0,0,1.2370962977351452,-1.238872662844463,0,0,0,0,0
0,0,0,1.216752879527678,-1.2186089378649836,0,0,0,0,0
0,0,0,1.2040900167514015,-1.2059912684682197,0,0,0,0,0
0,0,0,1.1995583206067453,-1.2014792682811966,0,0,0,0,0
0,0,0,1.1786905332310422,-1.1807301633711835,0,0,0,0,0
0,0,0,1.1643516914748655,-1.1664959664737031,0,0,0,0,0
0,0,0,1.1323866576206885,-1.1347181225896423,0,0,0,0,0
0,0,0,1.0929893828440547,-1.0954571409947698,0,0,0,0,0
0,0,0,1.0650522573548216,-1.0676266631154165,0,0,0,0,0
0,0,0,1.0445810288286046,-1.0472214622898517,0,0,0,0,0
0,0,0,1.0251262983873752,-1.027814615051984,0,0,0,0,0
0,0,0,1.0082185401787056,-1.0109414075730665,0,0,0,0,0
0,0,0,0.9920350072958166,-0.994769893119007,0,0,0,0,0
0,0,0,0.9622595083132734,-0.9649902431261713,0,0,0,0,0
0,0,0,0.938652551654461,-0.9413675086860493,0,0,0,0,0
0,0,0,0.9130830667794673,-0.9157714492764403,0,0,0,0,0
0,0,0,0.8799034965320094,-0.8825006030085958,0,0,0,0,0
0,0,0,0.8553844374062954,-0.857848499613967,0,0,0,0,0
0,0,0,0.8389303642922168,-0.8412589142777612,0,0,0,0,0
0,0,0,0.8253592023264053,-0.8275223255095515,0,0,0,0,0
0,0,0,0.815859308289103,-0.8178340763772494,0,0,0,0,0
0,0,0,0.8139083607662866,-0.8156841127843312,0,0,0,0,0
0,0,0,0.7510830704175734,-0.7390872477974636,0,0,0,0,0
0,0,0,0.7227290879601809,-0.7089563253823857,0,0,0,0,0
0,0,0,0.7064001026439606,-0.6915005514648629,0,0,0,0,0
0,0,0,0.7150308323069454,-0.6984802218477791,0,0,0,0,0
0,0,0,0.7242408355290778,-0.7056981682278917,0,0,0,0,0
0,0,0,0.7340062215325694,-0.7137578160685839,0,0,0,0,0
0,0,0,0.7442573973904416,-0.7226700573365628,0,0,0,0,0
0,0,0,0.7546983995035715,-0.7320367405351004,0,0,0,0,0
0,0,0,0.7642106388973133,-0.7404629245087472,0,0,0,0,0
0,0,0,0.7726790050273441,-0.7478675556494859,0,0,0,0,0
0,0,0,0.7808599079034487,-0.7551277420368359,0,0,0,0,0
0,0,0,0.7895685061164813,-0.7632507014640081,0,0,0,0,0
0,0,0,0.7990459418380276,-0.7724076174906429,0,0,0,0,0
0,0,0,0.8093717250800355,-0.7826082343535418,0,0,0,0,0
0,0,0,0.820253640334484,-0.7934138960235922,0,0,0,0,0
0,0,0,0.8311216144468586,-0.8045203294082213,0,0,0,0,0
0,0,0,0.842234413496534,-0.8158481966995098,0,0,0,0,0
0,0,0,0.8535592926448112,-0.8274503865742645,0,0,0,0,0
0,0,0,0.8652602336615802,-0.8394298425119381,0,0,0,0,0
0,0,0,0.8771392663561715,-0.8521476470706884,0,0,0,0,0
0,0,0,0.8894114300130017,-0.8651809868503108,0,0,0,0,0
0,0,0,0.901218680735938,-0.8779135368141359,0,0,0,0,0
0,0,0,0.912599657956598,-0.8900999210124472,0,0,0,0,0
0,0,0,0.9236935407134907,-0.9022803555392964,0,0,0,0,0
0,0,0,0.9348783197344974,-0.9146247199190355,0,0,0,0,0
0,0,0,0.9476559274424241,-0.9303609207532658,0,0,0,0,0
0,0,0,0.9596381537395949,-0.9438487520267687,0,0,0,0,0
0,0,0,0.9717481154601807,-0.9580125720636736,0,0,0,0,0
0,0,0,0.9841309719933451,-0.9727524078395413,0,0,0,0,0
0,0,0,0.9970297235603349,-0.9882884077488118,0,0,0,0,0
0,0,0,1.0103744402265984,-1.0044445933956039,0,0,0,0,0
0,0,0,1.022475281642537,-1.0187475265345731,0,0,0,0,0
0,0,0,1.0302175789636019,-1.0248620693733625,0,0,0,0,0
0,0,0,1.031231082486724,-1.0234206630747096,0,0,0,0,0
0,0,0,1.014659239967135,-0.9949488459480678,0,0,0,0,0
0,0,0,0.988334563171114,-0.9693575843002891,0,0,0,0,0
0,0,0,1.0126793773233063,-0.9930177124795496,0,0,0,0,0
0,0,0,1.064700826283645,-1.0434522129792907,0,0,0,0,0
0,0,0,1.1056830016123547,-1.0828839911710844,0,0,0,0,0
0,0,0,1.1487660404552715,-1.1240113548448858,0,0,0,0,0
0,0,0,1.1868095225482624,-1.1600473682033439,0,0,0,0,0
0,0,0,1.2175497260973018,-1.1887993661461378,0,0,0,0,0
0,0,0,1.2382906146745094,-1.208002411955913,0,0,0,0,0
0,0,0,1.2457753508496454,-1.2149041051190284,0,0,0,0,0
0,0,0,1.2545345699389097,-1.2229729283392983,0,0,0,0,0
0,0,0,1.2511942941058685,-1.219978324787295,0,0,0,0,0
0,0,0,1.2390813097426174,-1.208952381943285,0,0,0,0,0
0,0,0,1.2138662264299387,-1.185724289754375,0,0,0,0,0
0,0,0,1.1891266674138705,-1.1626902454023702,0,0,0,0,0
0,0,0,1.1423614317472648,-1.118505034776506,0,0,0,0,0
0,0,0,1.1062396655607856,-1.0839748005371002,0,0,0,0,0
0,0,0,1.069686861402469,-1.0487473097402247,0,0,0,0,0
0,0,0,1.0441157438281763,-1.0239804808954502,0,0,0,0,0
0,0,0,1.0209872246629443,-1.0014939313158422,0,0,0,0,0
0,0,0,0.9972024547594264,-0.9782810678622689,0,0,0,0,0
0,0,0,0.9731918045864695,-0.9547666800389618,0,0,0,0,0
0,0,0,0.9430849134734907,-0.9252098429630751,0,0,0,0,0
0,0,0,0.9124576197278726,-0.8950529178422262,0,0,0,0,0
0,0,0,0.8797887676080937,-0.8628055570003629,0,0,0,0,0
0,0,0,0.8578385288840802,-0.8410713921006174,0,0,0,0,0
0,0,0,0.8363221675496456,-0.819662305225351,0,0,0,0,0
0,0,0,0.8237210866906506,-0.8070623768254588,0,0,0,0,0
0,0,0,0.8161780694577003,-0.7994517275286486,0,0,0,0,0
0,0,0,0.812170391666765,-0.7953407926436076,0,0,0,0,0
0,0,0,0.7560502946016814,-0.7341166257540824,0,0,0,0,0
0,0,0,0.7331007803827255,-0.7075062831846863,0,0,0,0,0
0,0,0,0.7477257397305754,-0.7209229836542445,0,0,0,0,0
0,0,0,0.7600309717526335,-0.7305218671239202,0,0,0,0,0
0,0,0,0.7717543847038455,-0.7397150534489524,0,0,0,0,0
0,0,0,0.7829227001639175,-0.7486815787355098,0,0,0,0,0
0,0,0,0.7927043426590937,-0.7563491598515607,0,0,0,0,0
0,0,0,0.8009067934908134,-0.7628761525541708,0,0,0,0,0
0,0,0,0.8079340873983539,-0.7685078574312904,0,0,0,0,0
0,0,0,0.8143608782507701,-0.7740805779030113,0,0,0,0,0
0,0,0,0.820578705601374,-0.7796944176254499,0,0,0,0,0
0,0,0,0.8268827812331572,-0.7855983164064182,0,0,0,0,0
0,0,0,0.833423037267101,-0.7919739936274452,0,0,0,0,0
0,0,0,0.8403261072236452,-0.7986229427419346,0,0,0,0,0
0,0,0,0.8471571423592877,-0.8051970454464142,0,0,0,0,0
0,0,0,0.853843184070399,-0.8116987006033778,0,0,0,0,0
0,0,0,0.8603273805777035,-0.8183869939326518,0,0,0,0,0
0,0,0,0.8671202967534914,-0.825849599601169,0,0,0,0,0
0,0,0,0.8746928218560395,-0.8344201591343521,0,0,0,0,0
0,0,0,0.882545082440633,-0.8444887635104898,0,0,0,0,0
0,0,0,0.8914441841433687,-0.8551383834789567,0,0,0,0,0
0,0,0,0.9011004585096271,-0.8663112244534988,0,0,0,0,0
0,0,0,0.911258596606843,-0.8778810202409911,0,0,0,0,0
0,0,0,0.921939118795398,-0.8900987259509839,0,0,0,0,0
0,0,0,0.9331324121638928,-0.9029009804208541,0,0,0,0,0
0,0,0,0.9444936106377433,-0.9160573010299884,0,0,0,0,0
0,0,0,0.9559527487726572,-0.9293324919149093,0,0,0,0,0
0,0,0,0.9670345622665754,-0.9425481927871169,0,0,0,0,0
0,0,0,0.9780294241794365,-0.9558358497051493,0,0,0,0,0
0,0,0,0.9893576278561687,-0.9697087543435645,0,0,0,0,0
0,0,0,1.0011094569694934,-0.9842473584531873,0,0,0,0,0
0,0,0,1.01323853811496,-0.9990567129029679,0,0,0,0,0
0,0,0,1.0155307269950598,-1.004221153453937,0,0,0,0,0
0,0,0,1.0068551607049823,-1.00065516533301,0,0,0,0,0
0,0,0,0.9947234490379786,-0.9606853235588173,0,0,0,0,0
0,0,0,0.9951111806748418,-0.9610282165164392,0,0,0,0,0
0,0,0,1.0199676113129823,-0.9848711188187271,0,0,0,0,0
0,0,0,1.0963360631896517,-1.057438391982162,0,0,0,0,0
0,0,0,1.155380027676228,-1.1124087669577059,0,0,0,0,0
0,0,0,1.2021846886025958,-1.155017001116419,0,0,0,0,0
0,0,0,1.2275582644416139,-1.1776588201798401,0,0,0,0,0
0,0,0,1.2387520654986657,-1.187509427496844,0,0,0,0,0
0,0,0,1.2428839059089078,-1.191126287781708,0,0,0,0,0
0,0,0,1.2467570489033835,-1.1944810442420495,0,0,0,0,0
0,0,0,1.2454406477516642,-1.1933510980958375,0,0,0,0,0
0,0,0,1.243883351769243,-1.1920199946885361,0,0,0,0,0
0,0,0,1.2398820210689103,-1.1885609681187415,0,0,0,0,0
0,0,0,1.2224403213872121,-1.1732426414990278,0,0,0,0,0
0,0,0,1.1792613145730662,-1.134467736706652,0,0,0,0,0
0,0,0,1.138297257869605,-1.0968421638994403,0,0,0,0,0
